96d89b02-e75b-11ed-845b-c03eba3896ce.jpg,[]
98a114db-e75b-11ed-9f17-c03eba3896ce.jpg,[]
9a2f31c5-e75b-11ed-a6f1-c03eba3896ce.jpg,['Ka 19P 8488']
9bb64c8e-e75b-11ed-8e9a-c03eba3896ce.jpg,"['""KA 19 P 8488']"
9d6b525a-e75b-11ed-81f1-c03eba3896ce.jpg,['Ka 19P 8488']
9f4518fd-e75b-11ed-a19b-c03eba3896ce.jpg,['KLO7 CP 7235']
a0bbc44a-e75b-11ed-983a-c03eba3896ce.jpg,['KL.07 CP7235']
a2ca4414-e75b-11ed-a17d-c03eba3896ce.jpg,[]
a6d95da9-e75b-11ed-b3a5-c03eba3896ce.jpg,['Locac L194']
a997ca91-e75b-11ed-9a8e-c03eba3896ce.jpg,['BcAC 2194 ']
ab66516f-e75b-11ed-b104-c03eba3896ce.jpg,['DLBCAC Z19L']
ad0b4004-e75b-11ed-8013-c03eba3896ce.jpg,['DLBCAC L19L']
af7b0256-e75b-11ed-bb26-c03eba3896ce.jpg,['DLBCAC L19L']
aab869bc-e75d-11ed-a743-c03eba3896ce.jpg,['KA 19P 8488']
b488e9d3-e75d-11ed-877c-c03eba3896ce.jpg,['KLO7 CP 7235']
b92797f6-e75d-11ed-b028-c03eba3896ce.jpg,['KL.0Z CP 7235']
c0245d3e-e75d-11ed-bcdf-c03eba3896ce.jpg,[]
c50ba5af-e75d-11ed-a303-c03eba3896ce.jpg,['@@L BCAC 4194']
cc77d9c8-e75d-11ed-a122-c03eba3896ce.jpg,['DL 8CAC 4194']
d18d94b1-e75d-11ed-bf75-c03eba3896ce.jpg,['9g GL883']
d8f25c8d-e75d-11ed-8b1a-c03eba3896ce.jpg,"['Ng GL,883]']"
